City_ID,City,Country,Lat,Lng,Max Temp,Humidity,Cloudiness,Wind Speed,Current Description
0,Ushuaia,AR,-54.8,-68.3,38.86,81,75,21.85,heavy intensity rain
1,Ponta Do Sol,PT,32.6667,-17.1,72.23,77,9,7.2,clear sky
2,La Ronge,CA,55.1001,-105.2842,82.44,25,95,3.96,overcast clouds
3,Yinchuan,CN,38.4681,106.2731,73.71,52,100,2.39,light rain
4,Busselton,AU,-33.65,115.3333,54.19,75,100,7.36,overcast clouds
5,Kavieng,PG,-2.5744,150.7967,83.48,76,27,10.87,light rain
6,Mecca,SA,21.4267,39.8261,85.64,59,67,8.61,broken clouds
7,Lavrentiya,RU,65.5833,-171.0,44.91,99,100,8.59,moderate rain
8,Belaya Gora,RU,68.5333,146.4167,53.58,42,7,9.4,clear sky
9,Qaanaaq,GL,77.484,-69.3632,45.37,66,100,2.37,overcast clouds
10,Wanning,CN,18.8003,110.3967,80.78,85,90,9.28,overcast clouds
11,Sao Joao Da Barra,BR,-21.6403,-41.0511,68.5,77,0,11.27,clear sky
12,Hovd,MN,48.0056,91.6419,59.79,50,0,1.21,clear sky
13,Prainha,BR,-1.8,-53.48,77.9,66,59,3.33,broken clouds
14,Kawalu,ID,-7.3817,108.2082,71.49,98,98,2.06,overcast clouds
15,Changji,CN,44.0167,87.3167,74.19,25,0,11.18,clear sky
16,Laguna,US,38.421,-121.4238,103.24,16,1,4.0,clear sky
17,Muirkirk,GB,55.5227,-4.0655,53.29,91,28,2.08,scattered clouds
18,Cape Town,ZA,-33.9258,18.4232,57.11,99,0,4.61,mist
19,Ulaanbaatar,MN,47.9077,106.8832,54.19,83,80,2.1,light rain
20,Atuona,PF,-9.8,-139.0333,77.67,76,18,19.69,few clouds
21,Avarua,CK,-21.2078,-159.775,80.65,74,90,12.66,moderate rain
22,Bluff,NZ,-46.6,168.3333,48.79,65,79,8.88,broken clouds
23,Warrington,GB,53.3925,-2.5802,56.86,86,24,2.3,few clouds
24,Kaitangata,NZ,-46.2817,169.8464,49.93,64,100,10.65,overcast clouds
25,Albany,US,42.6001,-73.9662,74.05,56,10,1.01,clear sky
26,Saint-Philippe,RE,-21.3585,55.7679,66.22,69,9,1.16,clear sky
27,Aklavik,CA,68.2191,-135.0107,59.72,70,94,15.86,overcast clouds
28,Great Yarmouth,GB,52.6083,1.7305,59.02,70,100,3.96,overcast clouds
29,Dakar,SN,14.6937,-17.4441,77.88,88,100,6.04,overcast clouds
30,Port Blair,IN,11.6667,92.75,81.21,82,99,22.03,overcast clouds
31,Rikitea,PF,-23.1203,-134.9692,69.08,54,79,20.42,broken clouds
32,Khatanga,RU,71.9667,102.5,67.64,58,80,10.67,broken clouds
33,Yulara,AU,-25.2406,130.9889,45.39,66,0,11.03,clear sky
34,Nome,US,64.5011,-165.4064,59.16,94,100,13.85,overcast clouds
35,Arraial Do Cabo,BR,-22.9661,-42.0278,68.68,80,0,18.99,clear sky
36,Lusambo,CD,-4.9667,23.45,70.18,41,62,0.25,broken clouds
37,Hobart,AU,-42.8794,147.3294,46.27,87,75,4.0,broken clouds
38,Codrington,AU,-38.2667,141.9667,46.81,87,98,10.25,overcast clouds
39,Vila Franca Do Campo,PT,37.7167,-25.4333,68.41,81,0,6.04,clear sky
40,Kapaa,US,22.0752,-159.319,85.98,90,20,5.01,few clouds
41,Yellowknife,CA,62.456,-114.3525,89.56,24,0,13.0,clear sky
42,Los Llanos De Aridane,ES,28.6585,-17.9182,69.55,92,75,13.8,broken clouds
43,Hilo,US,19.7297,-155.09,78.24,78,90,9.22,light rain
44,Saint-Joseph,RE,-21.3667,55.6167,65.21,71,5,1.5,clear sky
45,New Norfolk,AU,-42.7826,147.0587,45.91,80,100,1.7,overcast clouds
46,Lebu,CL,-37.6167,-73.65,52.45,78,17,20.4,few clouds
47,Kodiak,US,57.79,-152.4072,56.71,77,90,6.91,overcast clouds
48,Sinop,TR,41.7711,34.8709,67.75,63,0,4.76,clear sky
49,Punta Arenas,CL,-53.15,-70.9167,39.11,87,40,24.16,scattered clouds
50,Pendleton,US,45.6721,-118.7886,100.74,22,1,3.0,clear sky
51,Ajdabiya,LY,30.7554,20.2263,88.18,27,0,9.84,clear sky
52,Vaitape,PF,-16.5167,-151.75,79.05,76,69,15.41,broken clouds
53,Pevek,RU,69.7008,170.3133,35.44,81,90,19.22,overcast clouds
54,Rumphi,MW,-11.0186,33.8575,56.91,67,22,3.96,few clouds
55,Vaini,TO,-21.2,-175.2,71.76,83,75,8.05,broken clouds
56,Vila Velha,BR,-20.3297,-40.2925,72.97,69,20,4.43,few clouds
57,Flagstaff,US,35.1981,-111.6513,89.89,29,1,4.0,clear sky
58,Turukhansk,RU,65.8167,87.9833,63.1,69,100,13.67,overcast clouds
59,Mataura,NZ,-46.1927,168.8643,48.47,91,100,2.71,overcast clouds
60,Barrow,US,71.2906,-156.7887,44.62,81,90,20.71,overcast clouds
61,Airai,TL,-8.9266,125.4092,60.49,71,75,3.33,broken clouds
62,Tiksi,RU,71.6872,128.8694,50.65,61,60,4.54,broken clouds
63,Sitka,US,57.0531,-135.33,60.75,73,97,4.29,overcast clouds
64,Klaksvik,FO,62.2266,-6.589,50.92,85,100,11.56,overcast clouds
65,Baykalsk,RU,51.5058,104.1469,56.48,92,100,3.69,overcast clouds
66,Qasigiannguit,GL,68.8193,-51.1922,52.05,78,95,7.2,overcast clouds
67,Stephenville Crossing,CA,48.5,-58.4318,64.22,84,98,4.65,overcast clouds
68,Pontianak,ID,-0.0333,109.3333,75.18,94,40,3.44,scattered clouds
69,Bandarbeyla,SO,9.4942,50.8122,78.3,70,13,30.18,few clouds
70,Baykit,RU,61.67,96.37,61.84,72,100,3.94,overcast clouds
71,Ilulissat,GL,69.2167,-51.1,51.82,50,99,9.22,overcast clouds
72,Morondava,MG,-20.2833,44.2833,68.04,71,9,13.67,clear sky
73,Linxia,CN,35.6003,103.2064,61.2,79,100,4.45,overcast clouds
74,Hasaki,JP,35.7333,140.8333,84.42,84,94,11.65,overcast clouds
75,Ribeira Grande,PT,38.5167,-28.7,73.33,92,54,7.16,broken clouds
76,Loja,EC,-3.9931,-79.2042,56.34,81,24,5.59,light rain
77,Aswan,EG,24.0934,32.907,91.49,15,3,9.13,clear sky
78,Srednekolymsk,RU,67.45,153.6833,49.62,50,70,11.32,broken clouds
79,Havelock,US,34.8791,-76.9013,80.55,92,75,1.99,broken clouds
80,Tuktoyaktuk,CA,69.4541,-133.0374,50.0,87,90,9.22,light rain
81,Husavik,IS,66.0449,-17.3389,52.12,90,80,2.86,broken clouds
82,Camacha,PT,33.0833,-16.3333,69.22,73,40,10.36,scattered clouds
83,Taoudenni,ML,22.6783,-3.9836,94.41,32,86,12.17,overcast clouds
84,Margate,GB,51.3813,1.3862,61.03,75,100,1.99,overcast clouds
85,Hermanus,ZA,-34.4187,19.2345,56.89,87,2,9.08,clear sky
86,Palu,ID,-0.8917,119.8707,76.6,92,99,2.66,light rain
87,Tasiilaq,GL,65.6145,-37.6368,46.56,82,100,2.53,overcast clouds
88,Moranbah,AU,-22.0016,148.0466,68.7,33,1,3.49,clear sky
89,Sorong,ID,-0.8833,131.25,79.63,83,56,6.4,broken clouds
90,Fereydun Kenar,IR,36.6864,52.5225,80.26,71,98,4.07,overcast clouds
91,Anori,BR,-3.7728,-61.6442,80.06,56,66,3.18,broken clouds
92,Longfeng,CN,46.55,125.1167,67.6,98,100,9.01,heavy intensity rain
93,Portland,US,45.5234,-122.6762,99.16,40,45,1.99,scattered clouds
94,Along,IN,28.1667,94.7667,73.31,98,97,2.08,overcast clouds
95,Serebryansk,KZ,49.6925,83.2892,53.15,62,2,1.01,clear sky
96,Nhulunbuy,AU,-12.2333,136.7667,77.61,78,76,4.61,broken clouds
97,Fort Nelson,CA,58.8053,-122.7002,76.59,69,40,2.3,smoke
98,Hualmay,PE,-11.0964,-77.6139,64.87,80,7,10.76,clear sky
99,Emba,KZ,48.8264,58.1442,80.69,27,36,5.88,scattered clouds
100,Campoverde,PE,-8.4753,-74.8058,83.89,54,2,3.51,clear sky
101,Merauke,ID,-8.4667,140.3333,76.06,75,52,11.92,broken clouds
102,Teguise,ES,29.0605,-13.564,68.22,78,20,17.27,few clouds
103,Kamenka,RU,51.3223,42.7678,74.95,46,24,4.14,few clouds
104,Khovu-Aksy,RU,51.1333,93.6,52.79,64,5,4.23,clear sky
105,Miraflores,MX,19.2167,-98.8083,75.85,86,93,0.78,overcast clouds
106,Chokurdakh,RU,70.6333,147.9167,50.05,47,62,9.42,broken clouds
107,Waingapu,ID,-9.6567,120.2641,76.44,82,79,8.19,broken clouds
108,Susanville,US,40.4163,-120.653,95.09,15,1,3.0,clear sky
109,Torbay,CA,47.6666,-52.7314,64.76,76,100,7.0,overcast clouds
110,Paramonga,PE,-10.6667,-77.8333,65.32,80,14,10.16,few clouds
111,Cabo San Lucas,MX,22.8909,-109.9124,98.82,66,45,12.26,scattered clouds
112,Sorland,NO,67.667,12.6934,50.18,73,98,10.85,overcast clouds
113,Port Alfred,ZA,-33.5906,26.891,57.33,83,28,19.48,scattered clouds
114,Longyearbyen,SJ,78.2186,15.6401,46.24,71,75,17.27,light rain
115,Makakilo City,US,21.3469,-158.0858,88.12,47,1,16.11,clear sky
116,Te Anau,NZ,-45.4167,167.7167,42.57,87,45,1.66,scattered clouds
117,Coquimbo,CL,-29.9533,-71.3436,55.96,85,8,1.61,clear sky
118,Saint-Augustin,CA,51.226,-58.6502,61.21,81,97,13.65,overcast clouds
119,Takoradi,GH,4.8845,-1.7554,76.59,85,56,6.17,broken clouds
120,Salalah,OM,17.0151,54.0924,77.09,94,90,6.91,light intensity drizzle
121,Sechura,PE,-5.5569,-80.8222,71.46,64,7,16.75,clear sky
122,Iquique,CL,-20.2208,-70.1431,62.53,75,91,3.8,overcast clouds
123,Dikson,RU,73.5069,80.5464,50.81,81,84,8.34,broken clouds
124,Elko,US,41.0002,-115.5012,86.05,23,4,8.99,clear sky
125,Butaritari,KI,3.0707,172.7902,82.85,71,48,5.12,light rain
126,Saldanha,ZA,-33.0117,17.9442,56.62,70,0,3.69,clear sky
127,Rio Gallegos,AR,-51.6226,-69.2181,42.28,62,20,40.89,few clouds
128,Georgetown,MY,5.4112,100.3354,80.89,88,20,1.99,few clouds
129,Atar,MR,20.5169,-13.0499,91.76,38,36,10.45,scattered clouds
130,Lashio,MM,22.9333,97.75,65.43,99,50,0.36,scattered clouds
131,Jamestown,US,42.097,-79.2353,71.37,53,1,4.0,clear sky
132,Port Lincoln,AU,-34.7333,135.8667,52.12,65,71,20.96,broken clouds
133,Kang,BW,-23.6752,22.7876,52.05,20,0,4.03,clear sky
134,Avera,US,33.194,-82.5271,90.72,42,17,4.09,few clouds
135,Luderitz,NA,-26.6481,15.1594,66.61,37,0,2.64,clear sky
136,Moree,AU,-29.4667,149.85,59.2,91,98,11.39,overcast clouds
137,Safford,US,32.834,-109.7076,97.72,32,1,5.75,clear sky
138,Castro,BR,-24.7911,-50.0119,50.85,81,0,1.77,clear sky
139,Makat,KZ,47.6469,53.3463,90.05,20,65,1.97,broken clouds
140,Mount Isa,AU,-20.7333,139.5,62.37,31,90,18.41,overcast clouds
141,Aksarka,RU,66.5606,67.7975,52.5,87,97,5.06,overcast clouds
142,Upernavik,GL,72.7868,-56.1549,47.16,66,40,1.5,scattered clouds
143,Katsuura,JP,35.1333,140.3,86.14,80,45,10.89,scattered clouds
144,Kailua,US,21.4022,-157.7394,89.58,59,40,14.97,scattered clouds
145,Pisco,PE,-13.7,-76.2167,66.25,72,0,8.05,clear sky
146,Hithadhoo,MV,-0.6,73.0833,81.59,69,100,4.88,overcast clouds
147,Inuvik,CA,68.3499,-133.7218,59.76,77,75,16.11,light rain
148,Nuuk,GL,64.1835,-51.7216,50.61,76,90,5.75,overcast clouds
149,Tecoanapa,MX,16.5167,-98.75,86.95,68,36,9.71,scattered clouds
150,Harindanga,IN,22.0383,88.3214,82.38,82,100,7.27,overcast clouds
151,Bethel,US,41.3712,-73.414,78.73,65,43,3.27,scattered clouds
152,Mar Del Plata,AR,-38.0023,-57.5575,53.13,50,0,8.01,clear sky
153,Sibolga,ID,1.7427,98.7792,75.9,84,77,3.42,broken clouds
154,Young,UY,-32.6833,-57.6333,51.22,74,0,4.9,clear sky
155,Tabou,CI,4.423,-7.3528,75.58,80,28,5.3,scattered clouds
156,Ayr,GB,55.4627,-4.6339,55.49,87,40,5.75,scattered clouds
157,Geraldton,AU,-28.7667,114.6,45.01,87,2,9.22,clear sky
158,Sioux Lookout,CA,50.1001,-91.917,77.79,38,83,4.03,broken clouds
159,Xai-Xai,MZ,-25.0519,33.6442,67.68,74,1,11.16,clear sky
160,Clevelandia,BR,-26.3958,-52.4708,45.77,78,0,2.68,clear sky
161,Bambous Virieux,MU,-20.3428,57.7575,66.76,71,1,3.69,clear sky
162,Cidreira,BR,-30.1811,-50.2056,53.15,85,0,6.2,clear sky
163,Belyy Yar,RU,53.6039,91.3903,64.29,77,20,4.47,light intensity shower rain
164,San Patricio,US,28.017,-97.5169,95.72,51,51,13.47,broken clouds
165,East London,ZA,-33.0153,27.9116,59.45,80,50,18.05,scattered clouds
166,Mutterstadt,DE,49.4414,8.3561,62.46,90,64,3.36,broken clouds
167,Kutum,SD,14.2,24.6667,72.86,65,34,13.65,scattered clouds
168,Ca Mau,VN,9.1769,105.15,77.14,90,90,5.55,overcast clouds
169,Chuy,UY,-33.6971,-53.4616,49.21,95,16,6.11,few clouds
170,Faanui,PF,-16.4833,-151.75,79.03,76,65,15.39,broken clouds
171,Manono,CD,-7.3,27.4167,72.75,38,2,3.11,clear sky
172,Bathsheba,BB,13.2167,-59.5167,83.01,74,20,9.22,few clouds
173,Siuna,NI,13.7332,-84.7773,79.65,85,94,4.5,overcast clouds
174,Chateauneuf-Les-Martigues,FR,43.3833,5.1667,71.53,61,0,4.61,clear sky
175,Ahipara,NZ,-35.1667,173.1667,54.52,83,21,28.79,few clouds
176,Nagato,JP,34.3833,131.2,79.2,78,96,10.42,overcast clouds
177,Lisala,CD,2.15,21.5167,71.64,81,96,1.14,overcast clouds
178,Victoria,HK,22.2855,114.1577,83.32,92,100,1.99,light rain
179,Roald,NO,62.5833,6.1333,53.01,76,90,11.5,overcast clouds
180,Pesochnoye,RU,58.006,39.1772,67.39,90,75,12.39,moderate rain
181,Sur,OM,22.5667,59.5289,87.98,58,62,10.38,broken clouds
182,Mahebourg,MU,-20.4081,57.7,67.1,70,1,2.68,clear sky
183,Ballina,AU,-28.8667,153.5667,63.79,90,100,7.94,overcast clouds
184,Arlit,NE,18.7369,7.3853,91.29,33,90,10.83,overcast clouds
185,Narsaq,GL,60.9167,-46.05,45.3,94,92,6.46,overcast clouds
186,Anadyr,RU,64.75,177.4833,43.3,93,90,21.99,light rain
187,Acapulco,MX,16.8634,-99.8901,86.47,73,34,7.25,scattered clouds
188,Kaihua,CN,23.3687,104.28,64.45,89,32,4.25,scattered clouds
189,Santa Maria,BR,-29.6842,-53.8069,50.47,80,0,0.96,clear sky
190,Kabanjahe,ID,3.1001,98.4908,63.36,94,100,2.8,overcast clouds
191,Bengkulu,ID,-3.8004,102.2655,74.88,88,55,3.42,broken clouds
192,Toamasina,MG,-18.1667,49.3833,65.16,92,5,3.74,clear sky
193,Tatarskaya Kargala,RU,51.9495,55.1731,68.02,42,13,5.3,few clouds
194,Jizan,SA,17.3333,42.6667,85.71,60,100,6.4,overcast clouds
195,Normandin,CA,48.8333,-72.5321,63.61,62,84,5.88,broken clouds
196,Saint George,US,37.1041,-113.5841,103.39,18,1,3.0,clear sky
197,Haines Junction,CA,60.7522,-137.5108,75.54,42,95,4.09,overcast clouds
198,Broken Hill,AU,-31.95,141.4333,46.2,74,5,17.31,clear sky
199,Bantou,CN,26.2151,117.4893,77.13,96,100,1.03,overcast clouds
200,Lanzhou,CN,36.0564,103.7922,66.49,71,100,9.6,light rain
201,Laje,BR,-10.1833,-40.9667,64.22,86,91,10.49,overcast clouds
202,Adre,TD,13.4667,22.2,73.71,84,92,11.48,overcast clouds
203,Tobane,BW,-21.95,27.9,60.46,23,0,13.51,clear sky
204,Cayenne,GF,4.9333,-52.3333,80.1,83,37,1.14,scattered clouds
205,Kangaatsiaq,GL,68.3065,-53.4641,42.46,92,28,15.75,scattered clouds
206,Tiznit,MA,29.5833,-9.5,65.66,76,22,4.47,few clouds
207,Port Hardy,CA,50.6996,-127.4199,63.1,71,23,11.16,few clouds
208,Ostrovnoy,RU,68.0531,39.5131,51.1,97,77,5.14,broken clouds
209,Bredasdorp,ZA,-34.5322,20.0403,56.28,97,19,4.18,few clouds
210,Bururi,BI,-3.85,29.6333,60.71,54,71,0.72,broken clouds
211,Antalaha,MG,-14.9003,50.2788,64.99,89,4,5.17,clear sky
212,Mudgee,AU,-32.5943,149.5871,53.65,82,75,11.5,broken clouds
213,Gorele,TR,41.0308,39.0031,76.44,86,8,3.67,clear sky
214,Quchan,IR,37.106,58.5095,68.09,23,15,6.96,few clouds
215,Eureka,US,40.8021,-124.1637,69.21,73,40,4.0,scattered clouds
216,Vardo,NO,70.3705,31.1107,47.35,83,26,2.24,scattered clouds
217,Lithgow,AU,-33.4833,150.15,47.48,89,81,13.6,broken clouds
218,Nikolskoye,RU,59.7035,30.7861,62.78,98,100,13.62,light rain
219,Amnat Charoen,TH,15.9167,104.75,76.08,90,100,10.6,overcast clouds
220,Mount Gambier,AU,-37.8333,140.7667,42.71,100,40,8.05,scattered clouds
221,Kidal,ML,18.4411,1.4078,84.15,55,79,4.88,broken clouds
222,Maniitsoq,GL,65.4167,-52.9,47.19,90,100,5.88,overcast clouds
223,Havre-Saint-Pierre,CA,50.2334,-63.5986,58.42,85,100,10.94,overcast clouds
224,Cancun,MX,21.1743,-86.8466,87.73,70,40,11.5,scattered clouds
225,Matamoros,MX,25.5333,-103.25,90.5,28,70,11.16,broken clouds
226,Boende,CD,-0.2167,20.8667,77.29,62,99,2.19,overcast clouds
227,Alugan,PH,12.2188,125.4808,82.2,77,100,8.21,overcast clouds
228,Pangnirtung,CA,66.1451,-65.7125,45.86,87,93,4.7,overcast clouds
229,Lorengau,PG,-2.0226,147.2712,82.51,80,22,9.37,few clouds
230,Blackwater,AU,-23.5833,148.8833,67.28,55,2,7.18,clear sky
231,Biak,ID,-0.9131,122.8766,76.59,76,58,7.07,broken clouds
232,Beringovskiy,RU,63.05,179.3167,44.33,96,100,6.87,light rain
233,Saskylakh,RU,71.9167,114.0833,66.43,54,26,8.66,scattered clouds
234,Athabasca,CA,54.7169,-113.2854,88.75,24,100,12.28,moderate rain
235,Waterloo,CA,43.4668,-80.5164,74.44,69,56,8.28,broken clouds
236,Erdenet,MN,49.0333,104.0833,51.67,95,100,9.73,overcast clouds
237,Igarka,RU,67.4667,86.5833,61.07,72,99,7.92,overcast clouds
238,Deputatskiy,RU,69.3,139.9,47.03,51,12,6.53,few clouds
239,Sulphur,US,30.2366,-93.3774,82.38,96,1,3.44,mist
240,Valleyview,CA,55.0667,-117.2859,70.75,64,100,4.36,overcast clouds
241,Brae,GB,60.3964,-1.353,49.91,71,100,1.43,overcast clouds
242,Kyotera,UG,-0.6156,31.5175,61.52,79,13,3.42,few clouds
243,Xushan,CN,30.1764,121.2457,80.92,91,25,5.39,light rain
244,Muros,ES,42.7762,-9.0603,63.09,80,84,7.56,broken clouds
245,Znamenskoye,RU,57.1281,73.8282,54.84,98,24,5.19,few clouds
246,Suruc,TR,36.9761,38.425,86.2,23,19,8.32,few clouds
247,Chernyshevskiy,RU,63.0128,112.4714,65.55,45,45,8.43,scattered clouds
248,Esperance,AU,-33.8667,121.9,44.44,80,98,13.15,overcast clouds
249,Provideniya,RU,64.3833,-173.3,51.91,82,90,15.66,moderate rain
250,Cobija,BO,-11.0267,-68.7692,74.79,36,1,2.68,clear sky
251,Krasnoturansk,RU,54.3186,91.5639,61.59,83,40,4.68,scattered clouds
252,Naron,ES,43.5167,-8.1528,64.02,89,44,4.47,scattered clouds
253,Puerto Ayora,EC,-0.7393,-90.3518,76.96,84,69,9.6,broken clouds
254,Iquitos,PE,-3.7481,-73.2472,76.24,63,19,0.25,few clouds
255,Khasan,RU,42.4308,130.6434,74.95,94,100,5.7,overcast clouds
256,George Town,MY,5.4112,100.3354,80.89,87,20,2.3,few clouds
257,Khuzdar,PK,27.7384,66.6434,79.75,35,2,5.95,clear sky
258,Shumskiy,RU,54.8318,99.1328,54.27,91,99,3.27,overcast clouds
259,Bharatpur,IN,27.2167,77.4833,79.29,87,30,7.78,scattered clouds
260,Alofi,NU,-19.0595,-169.9187,76.89,73,20,10.36,few clouds
261,Marathon,US,44.9,-89.7668,78.33,48,1,9.22,clear sky
262,Ust-Barguzin,RU,53.45,108.9833,56.19,95,94,1.23,overcast clouds
263,Miracema Do Tocantins,BR,-9.5618,-48.3967,79.29,32,8,4.94,clear sky
264,Kruisfontein,ZA,-34.0033,24.7314,46.89,93,0,5.91,clear sky
265,Bilibino,RU,68.0546,166.4372,34.43,85,99,12.3,overcast clouds
266,Kostomuksha,RU,64.571,30.5767,55.4,97,100,8.1,overcast clouds
267,Chapais,CA,49.7834,-74.8492,64.18,77,100,6.49,overcast clouds
268,Dutlwe,BW,-23.9833,23.9,51.6,21,0,6.67,clear sky
269,Rocha,UY,-34.4833,-54.3333,45.3,92,21,2.04,few clouds
270,Kisangani,CD,0.5167,25.2,69.87,83,72,1.72,broken clouds
271,Susehri,TR,40.1644,38.0867,63.23,87,17,3.78,few clouds
272,Faya,SA,18.3851,42.4509,63.12,71,100,10.49,overcast clouds
273,Djambala,CG,-2.5447,14.7533,77.04,44,64,5.46,broken clouds
274,Talnakh,RU,69.4865,88.3972,68.34,52,100,4.99,overcast clouds
275,Saint Anthony,US,45.0205,-93.218,84.15,37,75,10.36,broken clouds
276,Oktyabrskoye,RU,43.0645,44.7417,62.74,93,74,4.47,broken clouds
277,Hambantota,LK,6.1241,81.1185,79.23,80,100,18.92,overcast clouds
278,Asau,RO,46.4333,26.4,66.96,82,19,3.4,light rain
279,Carnarvon,AU,-24.8667,113.6333,44.67,47,0,11.5,clear sky
280,Constantine,DZ,36.365,6.6147,73.09,63,25,3.31,scattered clouds
281,Vitim,RU,59.4511,112.5578,59.59,87,96,1.19,overcast clouds
282,Turbat,PK,26.0023,63.044,85.44,67,41,4.23,scattered clouds
283,Floro,NO,61.5996,5.0328,51.96,70,10,14.79,clear sky
284,Chifeng,CN,42.2683,118.9636,67.28,82,60,2.55,broken clouds
285,Namibe,AO,-15.1961,12.1522,68.52,83,84,2.73,broken clouds
286,Kosai,JP,34.7105,137.5316,82.15,84,100,13.51,overcast clouds
287,Ararangua,BR,-28.9347,-49.4858,52.86,89,29,2.8,scattered clouds
288,Mercedes,AR,-34.6515,-59.4307,53.85,62,0,6.71,clear sky
289,Novokruchininskiy,RU,51.7833,113.7667,60.53,83,95,1.19,overcast clouds
290,Fortuna,US,40.5982,-124.1573,68.94,71,40,3.0,scattered clouds
291,Leningradskiy,RU,69.3833,178.4167,33.17,100,100,10.02,snow
292,Bubaque,GW,11.2833,-15.8333,79.47,81,99,18.03,overcast clouds
293,Baghdad,IQ,33.3406,44.4009,97.56,12,50,9.75,scattered clouds
294,Norman Wells,CA,65.282,-126.8329,88.38,26,0,10.27,clear sky
295,Pedernales,DO,18.0384,-71.744,83.7,70,88,7.29,overcast clouds
296,Deer Lake,CA,49.1667,-57.4316,63.14,76,92,3.49,overcast clouds
297,Grand Gaube,MU,-20.0064,57.6608,69.17,64,1,4.45,clear sky
298,Port Elizabeth,ZA,-33.918,25.5701,57.49,82,75,11.5,broken clouds
299,Egvekinot,RU,66.3167,-179.1667,35.4,90,100,15.59,light rain
300,Manapa,PH,8.9778,125.4394,78.64,87,100,4.14,overcast clouds
301,Bac Lieu,VN,9.285,105.7244,79.29,84,98,9.82,overcast clouds
302,Iqaluit,CA,63.7506,-68.5145,49.69,93,75,5.01,fog
303,Nemuro,JP,43.3236,145.575,69.53,97,100,5.32,overcast clouds
304,Harper,LR,4.375,-7.7169,75.7,77,24,5.39,few clouds
305,Plaster Rock,CA,46.9065,-67.39,66.72,98,97,3.58,overcast clouds
306,Ola,RU,59.5833,151.2833,54.21,48,0,15.5,clear sky
307,Tuatapere,NZ,-46.1333,167.6833,48.81,78,98,3.94,overcast clouds
308,Nanpiao,CN,41.0982,120.7479,70.03,82,97,3.96,overcast clouds
309,Vanavara,RU,60.34,102.2797,60.33,83,100,4.41,overcast clouds
310,Bratsk,RU,56.1325,101.6142,55.89,83,46,4.5,scattered clouds
311,Purpe,RU,64.4803,76.6897,58.66,84,87,8.97,overcast clouds
312,Mandalgovi,MN,45.7625,106.2708,54.45,69,1,9.24,clear sky
313,Dharchula,IN,29.85,80.5333,72.23,94,97,1.68,moderate rain
314,Tura,IN,25.5198,90.2201,73.8,98,100,3.56,overcast clouds
315,Raudeberg,NO,61.9875,5.1352,51.87,81,30,15.57,scattered clouds
316,Bonaventure,CA,48.0457,-65.4926,60.22,92,100,7.14,light rain
317,Sikonge,TZ,-5.6333,32.7667,67.48,38,51,2.46,broken clouds
318,Ukiah,US,39.1502,-123.2078,100.53,23,1,8.05,clear sky
319,Pohrebyshche,UA,49.4864,29.2636,59.29,85,5,7.18,clear sky
320,Jumla,NP,29.2747,82.1838,63.54,97,96,2.13,overcast clouds
321,Darab,IR,28.7519,54.5444,85.66,40,14,4.14,few clouds
322,Touros,BR,-5.1989,-35.4608,74.3,81,20,16.44,few clouds
323,Bayangol,RU,50.6977,103.4656,50.81,98,100,3.98,light rain
324,Ponta Delgada,PT,37.7333,-25.6667,68.72,77,20,10.36,few clouds
325,Caravelas,BR,-17.7125,-39.2481,66.78,75,80,4.56,broken clouds
326,Yerbogachen,RU,61.2767,108.0108,63.48,70,100,4.23,overcast clouds
327,Jaisalmer,IN,26.9147,70.9181,81.97,69,32,18.88,scattered clouds
328,Cherskiy,RU,68.75,161.3,44.69,52,74,16.51,broken clouds
329,Miquelon,PM,47.0975,-56.3814,60.8,92,100,17.05,overcast clouds
330,Henties Bay,NA,-22.116,14.2845,61.86,71,0,10.38,clear sky
331,Pocatello,US,42.8713,-112.4455,78.73,62,40,5.99,scattered clouds
332,Lasa,IT,46.6166,10.7002,57.02,91,53,0.51,broken clouds
333,Wellington,NZ,-41.2866,174.7756,54.77,73,90,5.01,moderate rain
334,Clonakilty,IE,51.6231,-8.8706,54.61,86,100,4.18,overcast clouds
335,Omboue,GA,-1.5746,9.2618,74.91,87,99,4.92,overcast clouds
336,Dobryanka,RU,58.4619,56.4165,64.26,95,58,1.61,broken clouds
337,Lakes Entrance,AU,-37.8811,147.981,50.18,86,100,9.84,moderate rain
338,Kimbe,PG,-5.5502,150.1429,81.28,79,62,3.58,light rain
339,Prado,BR,-17.3411,-39.2208,66.61,74,72,5.7,broken clouds
340,Kindu,CD,-2.95,25.95,73.35,59,45,0.49,scattered clouds
341,Odweyne,SO,9.4092,45.064,70.88,59,19,18.59,few clouds
342,Severo-Kurilsk,RU,50.6789,156.125,52.09,73,98,19.42,overcast clouds
343,Evensk,RU,61.95,159.2333,51.93,48,7,11.99,clear sky
344,Hirna,ET,9.2167,41.1,61.18,76,65,8.23,broken clouds
345,Tazovskiy,RU,67.4667,78.7,55.42,84,55,6.53,broken clouds
346,Lagoa,PT,39.05,-27.9833,72.01,92,5,4.81,clear sky
347,Khorol,UA,49.7837,33.2783,66.49,83,78,11.41,broken clouds
348,Coihaique,CL,-45.5752,-72.0662,39.65,96,52,7.43,broken clouds
349,Pokhara,NP,28.2333,83.9833,72.34,94,100,0.83,overcast clouds
350,Umm Lajj,SA,25.0213,37.2685,88.68,46,6,1.5,clear sky
351,Carson City,US,39.1638,-119.7674,97.74,13,1,7.0,clear sky
352,Karratha,AU,-20.7377,116.8463,58.48,27,6,17.4,clear sky
353,Mayo,US,38.8876,-76.5119,81.81,60,27,7.0,scattered clouds
354,Vilhena,BR,-12.7406,-60.1458,70.66,38,5,2.84,clear sky
355,Kushmurun,KZ,52.4503,64.6311,69.08,56,54,5.55,broken clouds
356,Arman,RU,59.7,150.1667,54.9,46,1,10.51,clear sky
357,Tigzirt,DZ,36.8886,4.1198,74.05,77,86,7.07,overcast clouds
358,Lida,BY,53.8833,25.2997,55.18,93,100,7.27,overcast clouds
359,Kosterevo,RU,55.9299,39.6144,66.85,96,65,8.41,moderate rain
360,Verkhnyaya Inta,RU,65.9811,60.3094,52.92,84,46,5.06,scattered clouds
361,Svetlogorsk,BY,52.6333,29.7333,56.77,96,41,7.36,scattered clouds
362,Ubatuba,BR,-23.4339,-45.0711,62.85,86,9,2.04,clear sky
363,Puri,IN,19.8,85.85,84.38,73,100,6.35,overcast clouds
364,Bosorod,RO,45.6833,23.0833,64.54,70,13,2.77,few clouds
365,Palmer,US,42.1584,-72.3287,76.55,53,20,10.36,few clouds
366,Owando,CG,-0.4819,15.8999,76.64,65,82,3.98,broken clouds
367,Kununurra,AU,-15.7667,128.7333,76.98,38,66,9.22,broken clouds
368,Burns Lake,CA,54.2331,-125.7533,83.93,26,10,10.2,clear sky
369,Siva,EG,29.2041,25.5195,88.03,30,1,8.75,clear sky
370,Poronaysk,RU,49.2167,143.1167,62.65,71,0,8.46,clear sky
371,Ambon,ID,-3.6954,128.1814,75.34,94,40,6.91,scattered clouds
372,Rantauprapat,ID,2.1,99.8333,72.41,94,77,1.34,broken clouds
373,Sao Gabriel Da Cachoeira,BR,-0.1303,-67.0892,76.75,68,62,1.7,broken clouds
374,Kurilsk,RU,45.2333,147.8833,58.41,88,100,6.31,overcast clouds
375,Tacuarembo,UY,-31.7333,-55.9833,47.64,77,0,3.02,clear sky
376,Naze,JP,28.3667,129.4833,78.26,85,67,15.9,light rain
377,Listvyagi,RU,53.6772,86.951,56.98,95,31,3.18,light rain
378,Candeias,BR,-20.7676,-45.2764,66.7,45,67,3.62,broken clouds
379,Meulaboh,ID,4.1363,96.1285,74.46,85,75,5.3,broken clouds
380,Bartow,US,27.8964,-81.8431,87.89,80,1,4.61,clear sky
381,Panjakent,TJ,39.4952,67.6093,75.0,34,10,7.58,clear sky
382,Sao Filipe,CV,14.8961,-24.4956,76.82,83,35,4.52,scattered clouds
383,Cockburn Town,TC,21.4612,-71.1419,82.36,74,40,13.8,scattered clouds
384,Osoyoos,CA,49.0331,-119.4524,94.59,23,100,3.8,overcast clouds
385,Marsa Matruh,EG,31.3525,27.2453,79.86,83,1,9.98,clear sky
386,Piacabucu,BR,-10.4056,-36.4344,72.43,86,19,10.58,few clouds
387,Sovetskiy,RU,61.3614,63.5842,58.71,79,89,4.54,overcast clouds
388,Tabuk,PH,17.4189,121.4443,78.67,81,100,1.28,overcast clouds
389,Serpa,PT,37.9458,-7.5975,69.13,64,1,7.43,clear sky
390,Timra,SE,62.487,17.3257,53.67,60,90,10.36,overcast clouds
391,Knysna,ZA,-34.0363,23.0471,55.78,66,3,4.74,clear sky
392,Jambi,ID,-1.6,103.6167,73.29,97,100,2.62,light rain
393,Sisimiut,GL,66.9395,-53.6735,48.18,91,100,3.89,light rain
394,Komsomolets,KZ,53.7453,62.0708,65.86,60,100,4.03,overcast clouds
395,Bairiki,KI,1.3292,172.9752,86.0,70,20,10.36,few clouds
396,Honiara,SB,-9.4333,159.95,81.97,73,25,4.79,scattered clouds
397,Mehamn,NO,71.0357,27.8492,46.38,84,44,2.84,scattered clouds
398,Gornopravdinsk,RU,60.05,69.9,56.25,98,89,4.9,light rain
399,Port Hawkesbury,CA,45.6169,-61.3485,58.69,97,90,4.0,mist
400,Makurdi,NG,7.7411,8.5121,73.06,95,100,4.45,overcast clouds
401,Wakkanai,JP,45.4094,141.6739,72.99,93,79,10.27,broken clouds
402,Rudnogorsk,RU,57.2639,103.7519,57.72,73,100,1.68,overcast clouds
403,Shahrud,IR,36.4182,54.9763,70.34,37,85,7.49,overcast clouds
404,Kebumen,ID,-7.6687,109.6519,75.65,90,97,8.72,overcast clouds
405,Nishihara,JP,26.1842,127.7558,83.86,89,75,12.66,broken clouds
406,Alpena,US,45.0617,-83.4327,73.94,65,68,3.74,broken clouds
407,Santa Isabel,BR,-23.3156,-46.2214,61.66,95,7,3.71,clear sky
408,The Valley,AI,18.217,-63.0578,82.54,74,20,10.36,few clouds
409,Ifanadiana,MG,-21.3,47.6333,57.16,89,9,3.04,clear sky
410,Aykhal,RU,66.0,111.5,67.37,54,100,12.1,overcast clouds
411,Constitucion,CL,-35.3333,-72.4167,54.95,72,0,8.46,clear sky
412,Yabrud,SY,33.9674,36.6574,67.53,34,0,2.37,clear sky
413,San Cristobal,VE,7.7669,-72.225,77.18,96,100,5.41,overcast clouds
414,Daru,PG,-9.0763,143.2092,79.45,68,88,8.66,overcast clouds
415,Trelew,AR,-43.249,-65.3051,59.04,28,38,8.1,scattered clouds
416,Tezu,IN,27.9167,96.1667,75.67,92,98,3.74,overcast clouds
417,Isangel,VU,-19.55,169.2667,74.03,52,5,11.07,clear sky
418,Bilma,NE,18.6853,12.9164,94.64,14,12,11.36,few clouds
419,Northam,GB,51.0333,-4.2167,57.38,89,23,6.04,few clouds
420,Hokitika,NZ,-42.7167,170.9667,49.51,77,100,5.48,overcast clouds
421,Magadan,RU,59.5667,150.8,53.67,50,0,10.13,clear sky
422,Dax,FR,43.75,-1.1667,64.54,93,63,3.44,broken clouds
423,Halvad,IN,23.0167,71.1833,80.89,79,89,17.07,overcast clouds
424,Alice Springs,AU,-23.7,133.8833,44.15,49,0,0.0,clear sky
425,Mirnyy,RU,62.5353,113.9611,63.19,50,37,8.39,scattered clouds
426,Maceio,BR,-9.6658,-35.7353,72.84,100,75,4.61,light rain
427,Juneau,US,58.3019,-134.4197,66.85,88,100,4.5,overcast clouds
428,Chino Valley,US,34.7575,-112.4538,97.74,23,4,3.0,clear sky
429,Vao,NC,-22.6667,167.4833,66.54,65,0,5.59,clear sky
430,Thaba-Tseka,LS,-29.522,28.6084,39.15,31,0,4.03,clear sky
431,Atambua,ID,-9.1061,124.8925,72.99,80,78,4.43,broken clouds
432,Suclayin,PH,15.7568,121.5503,81.21,80,100,10.33,moderate rain
433,Noumea,NC,-22.2763,166.4572,72.0,99,0,5.03,clear sky
434,Cruzeiro Do Sul,BR,-29.5128,-51.9853,52.5,91,0,0.6,clear sky
435,Verkhoyansk,RU,67.5447,133.385,67.44,34,1,3.85,clear sky
436,Warmbad,NA,-28.45,18.7333,61.54,21,0,12.77,clear sky
437,Sawtell,AU,-30.3833,153.1,63.19,92,90,12.66,light rain
438,Dicabisagan,PH,17.0818,122.4157,82.44,73,100,1.61,overcast clouds
439,Fuerte Olimpo,PY,-21.0415,-57.8738,69.82,40,3,5.46,clear sky
440,Gondanglegi,ID,-7.7479,112.0132,74.84,89,37,14.72,scattered clouds
441,Frunzivka,UA,47.3333,29.75,69.58,82,87,8.97,light rain
442,Santa Marta,CO,11.2408,-74.199,85.98,75,100,1.99,overcast clouds
443,Aguascalientes,MX,21.8833,-102.3,80.55,29,40,4.61,scattered clouds
444,Dhidhdhoo,MV,6.8833,73.1,81.99,74,84,7.14,broken clouds
445,Skagen,DK,57.7209,10.5839,58.62,77,76,10.4,broken clouds
446,Severnoye,RU,56.3491,78.3619,55.98,98,57,5.53,broken clouds
447,Bondo,CD,3.8146,23.6866,68.0,96,68,0.98,broken clouds
448,Biltine,TD,14.5333,20.9167,79.92,71,90,7.36,overcast clouds
449,Soyo,AO,-6.1349,12.3689,72.23,87,40,5.64,scattered clouds
450,Bentonville,US,36.3728,-94.2088,84.11,50,1,11.5,clear sky
451,Manhattan,US,40.7834,-73.9662,82.02,43,20,4.61,few clouds
452,Abha,SA,18.2164,42.5053,62.85,88,20,9.22,few clouds
453,Port-Gentil,GA,-0.7193,8.7815,75.16,88,75,5.75,broken clouds
454,Oum Hadjer,TD,13.2954,19.6966,80.35,72,100,8.19,overcast clouds
455,Meget,RU,52.415,104.0494,57.96,95,100,8.46,overcast clouds
456,Say,NE,13.1007,2.3689,84.29,60,86,11.7,light rain
457,Aleksandrov Gay,RU,50.147,48.5704,82.94,29,11,6.06,few clouds
458,Borovichi,RU,58.3878,33.9155,59.07,97,77,15.99,light rain
459,Vilcun,CL,-38.65,-72.2333,48.94,94,24,3.22,few clouds
460,Riberalta,BO,-10.9833,-66.1,76.5,34,0,3.18,clear sky
461,Saint-Louis,SN,16.3333,-15.0,83.53,70,100,13.78,overcast clouds
462,Quatre Cocos,MU,-20.2078,57.7625,66.2,72,1,3.96,clear sky
463,Mayumba,GA,-3.432,10.6554,72.3,93,35,2.3,scattered clouds
464,Miles City,US,46.4083,-105.8406,101.52,11,1,6.91,clear sky
465,Conde,BR,-7.2597,-34.9075,71.06,100,75,6.91,broken clouds
466,Renqiu,CN,38.6989,116.0936,74.25,83,55,3.02,broken clouds
467,Russell,US,32.3502,-85.1999,76.71,91,96,2.73,heavy intensity rain
468,Zhigansk,RU,66.7697,123.3711,64.65,50,15,9.28,few clouds
469,Kargasok,RU,59.0556,80.8572,54.05,91,100,1.45,overcast clouds
470,Tsumeb,NA,-19.2333,17.7167,60.98,32,0,8.77,clear sky
471,Camocim,BR,-2.9022,-40.8411,77.25,76,20,6.44,few clouds
472,Kropotkin,RU,45.4375,40.5756,76.03,53,19,6.02,few clouds
473,Pryazha,RU,61.6926,33.6216,61.83,97,100,13.04,moderate rain
474,Thompson,CA,55.7435,-97.8558,80.87,33,39,4.85,scattered clouds
475,Barashevo,RU,54.5325,42.8792,73.15,55,25,9.22,scattered clouds
476,Georgiyevka,KZ,43.0369,74.7114,66.24,68,20,6.71,smoke
477,Hay River,CA,60.8156,-115.7999,82.72,31,0,6.17,clear sky
478,Arandis,NA,-22.4167,14.9667,55.47,29,0,1.5,clear sky
479,San Andres,CO,12.5847,-81.7006,82.42,83,75,4.61,broken clouds
480,Yeniseysk,RU,58.4497,92.1703,52.77,97,8,3.91,clear sky
481,Abonnema,NG,4.7084,6.7931,76.06,90,99,5.95,overcast clouds
482,Verkhoturye,RU,58.8627,60.8054,57.7,97,64,4.81,broken clouds
483,Pietersburg,ZA,-23.9045,29.4688,50.13,83,0,11.88,clear sky
484,Veriora,EE,58.0079,27.3551,59.13,94,86,10.0,overcast clouds
485,Yabelo,ET,4.8833,38.0833,61.5,55,100,7.02,overcast clouds
486,Kouango,CF,4.9934,19.9619,71.35,94,98,0.72,overcast clouds
487,Buraydah,SA,26.326,43.975,87.44,10,6,6.35,clear sky
488,Katsina,NG,12.9894,7.6006,76.1,76,99,9.31,overcast clouds
489,Shingu,JP,33.7333,135.9833,80.91,82,100,1.61,moderate rain
490,Okha,RU,53.5739,142.9478,55.15,87,100,12.48,overcast clouds
491,San Quintin,MX,30.4833,-115.95,78.24,56,1,15.23,clear sky
492,Souillac,MU,-20.5167,57.5167,66.52,70,0,0.94,clear sky
493,Sarab,IR,38.6066,44.9883,71.02,43,89,3.22,overcast clouds
494,Isoka,ZM,-10.1606,32.6335,53.71,72,5,1.1,clear sky
495,Wajir,KE,1.7471,40.0573,74.39,61,61,15.52,broken clouds
496,Nanortalik,GL,60.1432,-45.2371,44.55,94,97,2.75,light rain
497,Rockport,US,28.0206,-97.0544,90.03,73,1,4.0,clear sky
498,Talcahuano,CL,-36.7167,-73.1167,56.88,72,0,9.22,clear sky
499,Swan River,CA,52.1058,-101.2676,94.26,17,100,9.71,overcast clouds
500,Kilcock,IE,53.4022,-6.6708,56.03,93,75,4.29,broken clouds
501,Prestea,GH,5.4327,-2.1428,74.32,87,93,3.22,overcast clouds
502,Poum,NC,-20.2333,164.0167,69.1,62,7,7.81,clear sky
503,Misratah,LY,32.3754,15.0925,84.65,61,0,7.94,clear sky
504,Lowestoft,GB,52.4752,1.7516,59.02,77,100,3.4,overcast clouds
505,Half Moon Bay,US,37.4636,-122.4286,93.7,60,74,8.5,broken clouds
506,Akyab,MM,20.15,92.9,77.05,95,100,9.17,overcast clouds
507,Ahuimanu,US,21.4447,-157.8378,89.31,57,40,14.97,scattered clouds
508,Neftcala,AZ,39.3742,49.2472,80.74,44,94,3.51,overcast clouds
509,Xuddur,SO,4.1213,43.8894,69.67,75,68,17.11,broken clouds
510,Kirakira,SB,-10.4544,161.9205,79.77,69,98,9.28,overcast clouds
511,Noyabrsk,RU,63.1994,75.4507,57.36,76,100,8.32,overcast clouds
512,Dorado,PR,18.4588,-66.2677,83.16,80,75,10.36,broken clouds
513,Bam,IR,29.106,58.357,86.52,14,73,7.72,broken clouds
514,Ambilobe,MG,-13.2,49.05,66.16,88,7,3.67,clear sky
515,Peniche,PT,39.3558,-9.3811,66.72,88,45,18.19,scattered clouds
516,Urengoy,RU,65.9667,78.3667,59.18,86,38,6.78,light rain
517,Gat,IL,31.61,34.7642,82.4,48,0,2.82,clear sky
518,Ambunti,PG,-4.2365,142.8448,78.8,90,56,1.21,broken clouds
519,Lincoln,US,40.8,-96.667,82.65,49,1,3.0,clear sky
520,Hernani,ES,43.2662,-1.9762,65.66,86,0,1.01,clear sky
521,Viedma,AR,-40.8135,-62.9967,58.23,32,44,9.19,scattered clouds
522,Miandrivazo,MG,-19.5167,45.4667,68.72,75,95,0.87,overcast clouds
523,Cardoso,BR,-20.0819,-49.9142,71.26,41,4,6.49,clear sky
524,Homer,US,59.6425,-151.5483,77.07,83,75,10.36,mist
525,Berlevag,NO,70.8578,29.0864,46.76,83,8,2.37,clear sky
526,Manavgat,TR,36.7867,31.4431,90.5,33,0,11.36,clear sky
527,Huarmey,PE,-10.0681,-78.1522,66.7,78,4,9.62,clear sky
528,Sao Joao Dos Patos,BR,-6.495,-43.7022,73.8,34,9,2.98,clear sky
529,Mount Hagen,PG,-5.8581,144.2274,62.67,93,96,2.01,overcast clouds
530,Padang,ID,-0.9492,100.3543,75.25,82,100,3.98,overcast clouds
531,Ust-Ishim,RU,57.6935,71.1665,55.71,95,9,4.76,clear sky
532,Shangrao,CN,28.4532,117.9686,79.66,89,0,4.68,clear sky
533,College,US,64.8569,-147.8028,84.18,41,20,5.75,few clouds
534,Simbahan,PH,6.3032,120.5836,83.79,74,88,8.21,overcast clouds
535,Nara,JP,34.6851,135.8049,82.26,94,100,3.33,light rain
536,Sambava,MG,-14.2667,50.1667,67.57,89,13,6.89,few clouds
537,Bima,ID,-8.4667,118.7167,75.56,90,29,3.89,scattered clouds
538,Grafton,US,42.207,-71.6856,77.32,63,61,1.99,broken clouds
539,Guaraciaba Do Norte,BR,-4.1669,-40.7475,72.73,40,23,1.43,few clouds
540,Pemangkat,ID,1.1667,108.9667,78.44,87,85,6.29,overcast clouds
541,Aviles,ES,43.5547,-5.9248,65.59,82,40,3.44,scattered clouds
542,Pushkinskiye Gory,RU,57.0209,28.9103,55.31,98,82,8.84,broken clouds
543,Araouane,ML,18.9048,-3.5265,97.11,30,16,7.02,few clouds
544,Coron,PH,11.9986,120.2043,81.63,83,100,12.64,light rain
545,Belonia,IN,23.2528,91.4514,75.56,98,100,5.48,light rain
546,Villa Carlos Paz,AR,-31.4241,-64.4978,56.39,40,0,1.95,clear sky
547,Merritt Island,US,28.5392,-80.672,83.98,85,20,4.61,few clouds
548,Carutapera,BR,-1.195,-46.02,75.97,84,74,5.7,broken clouds
549,El Alto,PE,-4.2714,-81.2147,65.86,80,35,18.34,scattered clouds
550,Ariquemes,BR,-9.9133,-63.0408,78.28,34,18,2.75,few clouds
551,Inirida,CO,3.8653,-67.9239,70.7,98,85,2.93,overcast clouds
552,Ust-Nera,RU,64.5667,143.2,57.87,42,0,4.72,clear sky
553,Mao,ES,39.8885,4.2658,73.96,73,20,6.91,few clouds
554,Dudinka,RU,69.4058,86.1778,64.65,61,100,6.55,overcast clouds
555,Erzin,TR,36.9559,36.2,81.32,81,1,1.52,clear sky
556,West Helena,US,34.5507,-90.6418,83.95,74,93,0.81,overcast clouds
557,Verkhnevilyuysk,RU,63.4453,120.3167,67.35,51,0,5.97,clear sky
558,Cabedelo,BR,-6.9811,-34.8339,72.27,85,12,14.12,few clouds
559,Vanimo,PG,-2.6741,141.3028,81.19,79,92,6.98,overcast clouds
560,Rincon,US,32.296,-81.2354,88.21,94,90,8.05,thunderstorm
561,Derazhnya,UA,49.2692,27.4338,56.48,92,3,6.02,clear sky
562,Yambio,SS,4.5721,28.3955,66.13,96,98,3.94,overcast clouds
563,Zeya,RU,53.75,127.2667,64.92,76,99,2.37,overcast clouds
564,Shelburne,CA,44.0787,-80.2041,72.55,61,37,9.1,scattered clouds
565,Lompoc,US,34.6391,-120.4579,90.01,65,1,11.01,clear sky
566,Cairns,AU,-16.9167,145.7667,75.15,66,25,11.5,scattered clouds
567,Puerto Del Rosario,ES,28.5004,-13.8627,73.15,73,7,13.8,clear sky
568,Grand-Lahou,CI,5.1367,-5.0242,74.77,89,37,6.33,scattered clouds
569,Solnechnyy,RU,50.7214,136.6319,63.79,78,66,6.93,broken clouds
570,Caraballeda,VE,10.6112,-66.8522,80.67,89,40,3.44,scattered clouds
571,Antofagasta,CL,-23.65,-70.4,58.44,75,2,3.71,clear sky
572,Lakhtar,IN,22.85,71.7833,81.37,74,98,13.4,overcast clouds
573,Pulo,PH,15.246,120.9285,82.08,91,100,8.77,light rain
574,Samarai,PG,-10.6167,150.6667,79.54,78,75,14.67,broken clouds
575,Ziro,IN,27.6333,93.8333,58.12,97,100,2.46,overcast clouds
576,Yar-Sale,RU,66.8333,70.8333,54.95,93,98,5.12,overcast clouds
577,Prince Rupert,CA,54.3161,-130.3201,65.41,65,14,6.49,few clouds
578,Puerto Quijarro,BO,-17.7833,-57.7667,73.76,41,0,3.42,clear sky
579,Barra Do Garcas,BR,-15.89,-52.2567,76.53,35,23,1.03,few clouds
580,Malanje,AO,-9.5402,16.341,66.31,36,0,3.83,clear sky
581,Sieradz,PL,51.5958,18.7302,56.71,91,30,7.49,scattered clouds
582,Dunedin,NZ,-45.8742,170.5036,46.8,70,100,18.01,overcast clouds
583,Shenjiamen,CN,29.9576,122.298,78.58,93,97,9.22,light rain
584,Hofn,IS,64.2539,-15.2082,53.26,86,93,8.14,overcast clouds
585,Save,BJ,8.0425,2.486,75.07,87,100,3.78,overcast clouds
586,Quime,BO,-16.9833,-67.2167,45.25,92,94,3.89,overcast clouds
587,Samfya,ZM,-11.3649,29.5565,59.68,58,5,6.71,clear sky
588,Plouzane,FR,48.3833,-4.6167,57.52,87,75,4.61,broken clouds
589,Sarangani,PH,5.4033,125.4636,83.53,76,79,13.33,broken clouds
590,Vozrozhdeniye,RU,44.5503,38.2136,75.24,62,0,2.77,clear sky
591,Broome,US,42.2506,-75.833,71.01,58,1,1.99,clear sky
592,Rosarito,MX,32.3333,-117.0333,104.41,48,49,13.53,scattered clouds
593,Panguipulli,CL,-39.6333,-72.3333,44.31,96,94,2.33,overcast clouds
594,Port Keats,AU,-14.25,129.55,77.29,77,78,4.79,broken clouds
595,Lichuan,CN,30.3,108.85,66.18,82,4,1.83,clear sky
596,Providencia,MX,28.7167,-111.5833,107.65,52,16,11.99,few clouds
597,Micheweni,TZ,-4.9667,39.8333,73.81,81,68,11.18,broken clouds
598,Krasnoselkup,RU,65.7,82.4667,61.84,83,99,8.77,overcast clouds
599,At-Bashi,KG,41.1702,75.8106,51.42,80,25,1.61,scattered clouds
600,Ylojarvi,FI,61.5563,23.5961,56.62,93,75,4.61,light intensity shower rain
601,Shizunai,JP,42.3339,142.3669,76.78,85,90,5.32,overcast clouds
602,High Level,CA,58.5169,-117.136,92.75,22,99,5.44,overcast clouds
603,Abu Kamal,SY,34.4506,40.9171,94.14,18,15,10.67,few clouds
604,Talara,PE,-4.5772,-81.2719,68.76,77,0,16.11,clear sky
605,Sao Jose Da Coroa Grande,BR,-8.8978,-35.1478,73.33,88,30,10.54,scattered clouds
606,Kangasala,FI,61.4638,24.076,57.74,95,100,9.01,moderate rain
607,Cape Canaveral,US,28.4058,-80.6048,81.05,90,1,3.44,clear sky
608,Namatanai,PG,-3.6667,152.4333,82.74,74,31,5.77,scattered clouds
609,Plonsk,PL,52.6235,20.3755,64.04,66,40,9.46,scattered clouds
610,Mildura,AU,-34.2,142.15,48.16,87,4,11.5,clear sky
611,Luganville,VU,-15.5333,167.1667,75.78,57,92,7.25,overcast clouds
612,Finschhafen,PG,-6.6024,147.8681,81.03,75,63,7.07,broken clouds
613,Ossora,RU,59.2353,163.0719,55.65,54,71,18.03,broken clouds
614,Warangal,IN,18.0,79.5833,78.21,72,99,12.66,overcast clouds
615,Mount Pleasant,US,32.7941,-79.8626,86.14,82,75,4.0,light intensity drizzle
616,Tilichiki,RU,60.4667,166.1,51.76,48,73,21.61,broken clouds
617,Batagay,RU,67.6333,134.6333,67.03,36,1,2.33,clear sky
618,Altus,US,34.6381,-99.334,87.87,32,1,1.01,clear sky
619,Pinega,RU,64.7001,43.3936,55.8,96,98,4.54,light rain
620,Bemidji,US,47.4736,-94.8803,84.18,35,40,6.91,scattered clouds
621,Gaoua,BF,10.2992,-3.2508,74.37,78,65,3.87,broken clouds
622,Schwyz,CH,47.0279,8.6561,59.67,91,23,4.12,few clouds
623,Pampierstad,ZA,-27.7832,24.6877,46.08,42,0,4.21,clear sky
624,Mokokchung,IN,26.3333,94.5333,63.63,98,100,3.42,overcast clouds
625,Nexo,DK,55.0607,15.1306,62.69,75,5,13.47,clear sky
626,Mandera,KE,3.9366,41.867,75.45,63,54,16.6,broken clouds
627,Mbandaka,CD,0.0487,18.2603,73.33,69,87,3.71,overcast clouds
628,Tooele,US,40.5308,-112.2983,82.08,69,1,5.75,clear sky
629,Hirakud,IN,21.5167,83.8667,75.02,89,52,4.36,broken clouds
630,Banepa,NP,27.6298,85.5214,68.32,100,40,2.3,scattered clouds
631,Zima,RU,53.9202,102.0442,54.59,92,91,3.85,overcast clouds
632,Witham,GB,51.8001,0.6404,61.07,83,100,5.14,overcast clouds
633,Bela,IN,25.9333,81.9833,77.63,85,13,7.65,few clouds
634,Puerto Escondido,MX,15.85,-97.0667,85.84,67,77,5.08,broken clouds
635,Murgab,TM,37.4966,61.9714,79.07,14,0,9.15,clear sky
636,Tiquisio,CO,8.5597,-74.2669,81.34,84,88,1.99,overcast clouds
637,Alyangula,AU,-13.8483,136.4192,69.67,100,75,0.0,mist
638,Ahvaz,IR,31.3203,48.6693,99.5,16,0,3.42,clear sky
639,Angoche,MZ,-16.2325,39.9086,69.53,68,0,10.36,clear sky
640,Teya,RU,60.3778,92.6267,54.66,92,29,2.21,scattered clouds
641,Bulgan,MN,48.8125,103.5347,53.71,94,100,10.31,overcast clouds
642,Dolzhanskaya,RU,46.6311,37.8039,80.91,70,14,11.01,few clouds
643,Patrocinio,BR,-18.9439,-46.9925,66.96,45,24,0.51,few clouds
644,Nesna,NO,66.1967,13.0213,46.58,74,93,3.87,overcast clouds
645,Wattegama,LK,6.7989,81.4808,76.15,68,100,5.1,overcast clouds
646,Ketchikan,US,55.3422,-131.6461,65.95,61,67,6.35,broken clouds
647,Loukhi,RU,66.0764,33.0381,53.06,99,100,6.76,overcast clouds
648,San Ramon,US,37.7799,-121.978,93.63,33,1,8.01,clear sky
649,Kaeo,NZ,-35.1,173.7833,56.32,84,45,21.3,scattered clouds
650,Amapa,BR,1.0,-52.0,74.91,74,63,2.39,broken clouds
651,Mutata,CO,7.2441,-76.4356,76.86,95,99,1.36,overcast clouds
652,Luau,AO,-10.7073,22.2247,63.3,40,27,4.12,scattered clouds
653,Abbeville,FR,50.1,1.8333,59.68,89,100,4.47,light rain
654,Hami,CN,42.8,93.45,76.1,22,1,6.35,clear sky
655,Mbulu,TZ,-3.85,35.5333,51.57,83,50,6.46,scattered clouds
656,Asfi,MA,32.2994,-9.2372,68.29,89,0,15.99,clear sky
657,Teahupoo,PF,-17.8333,-149.2667,76.96,74,94,14.38,overcast clouds
658,Manaus,BR,-3.1019,-60.025,79.29,83,0,3.44,clear sky
659,Sundargarh,IN,22.1167,84.0333,75.51,88,79,6.15,broken clouds
660,Coruripe,BR,-10.1256,-36.1756,71.98,89,36,10.45,scattered clouds
661,Palembang,ID,-2.9167,104.7458,77.09,94,40,3.44,mist
662,Fare,PF,-16.7,-151.0167,78.78,75,63,15.12,broken clouds
663,Pechenga,RU,69.5259,31.1703,41.29,94,33,1.45,scattered clouds
664,Morro Bay,US,35.3658,-120.8499,100.38,52,12,8.01,few clouds
665,Dingle,PH,10.9995,122.6711,80.82,84,100,10.92,overcast clouds
666,Bagdarin,RU,54.4333,113.6,55.27,84,30,1.41,scattered clouds
667,Rawson,AR,-43.3002,-65.1023,58.6,33,44,10.02,scattered clouds
668,Bud,US,39.447,-86.1758,77.94,56,2,3.85,clear sky
669,Baijiantan,CN,45.6333,85.1833,76.35,18,2,1.01,clear sky
670,Medina Del Campo,ES,41.3124,-4.9141,65.71,41,12,7.0,few clouds
671,Diego De Almagro,CL,-26.3667,-70.05,60.22,44,0,2.35,clear sky
672,San Buenaventura,MX,27.0833,-101.5333,85.48,68,99,17.98,overcast clouds
673,Lata,PT,40.1629,-8.3327,63.05,95,25,1.52,scattered clouds
674,Berbera,SO,10.4396,45.0143,89.91,40,19,25.52,few clouds
675,Santo Antonio Do Amparo,BR,-20.9464,-44.9189,63.68,48,36,2.33,scattered clouds
676,Boca Do Acre,BR,-8.7522,-67.3978,78.35,37,0,2.46,clear sky
677,Lexington,US,37.9887,-84.4777,79.92,48,1,1.01,clear sky
678,Karnal,IN,29.6833,76.9833,79.54,85,74,5.86,broken clouds
679,West Bay,KY,19.3667,-81.4167,89.08,76,20,1.99,few clouds
680,Arani,IN,12.6667,79.2833,81.45,57,99,9.42,overcast clouds
681,Tiarei,PF,-17.5333,-149.3333,82.42,72,88,13.0,overcast clouds
682,Choya,RU,52.0108,86.5467,60.21,77,72,3.8,broken clouds
683,Mindelo,CV,16.8901,-24.9804,75.36,83,59,12.33,broken clouds
684,Ambanja,MG,-13.6833,48.45,68.32,91,44,3.49,scattered clouds
